{
  "version": "1",
  "accuracy": 0.4879495638917497,
  "best_params": {
    "max_depth": 10,
    "min_samples_leaf": 1,
    "min_samples_split": 2,
    "n_estimators": 50
  },
  "train_size": 1374886,
  "test_size": 343722,
  "confusion_matrix": [
    [
      78444,
      116642
    ],
    [
      59361,
      89275
    ]
  ],
  "classification_report": {
    "0": {
      "precision": 0.5692391422662458,
      "recall": 0.4020995868488769,
      "f1-score": 0.4712894010351737,
      "support": 195086.0
    },
    "1": {
      "precision": 0.43354846855771983,
      "recall": 0.6006283807422159,
      "f1-score": 0.5035918466350587,
      "support": 148636.0
    },
    "accuracy": 0.4879495638917497,
    "macro avg": {
      "precision": 0.5013938054119829,
      "recall": 0.5013639837955464,
      "f1-score": 0.4874406238351162,
      "support": 343722.0
    },
    "weighted avg": {
      "precision": 0.5105623075645378,
      "recall": 0.4879495638917497,
      "f1-score": 0.48525797536031007,
      "support": 343722.0
    }
  },
  "feature_importance": {
    "rolling_avg_10": 0.5121007416258156,
    "volume_sum_10": 0.4878992583741843
  }
}